{"cameraMode":{"drawMode":0,"name":"Shaded","section":"Shading Mode"},"sceneLighting":true,"audioPlay":false,"sceneViewState":{"showFog":true,"showMaterialUpdate":false,"showSkybox":true,"showFlares":true,"showImageEffects":true,"showParticleSystems":true,"showVisualEffectGraphs":true,"m_FxEnabled":true},"in2DMode":false,"pivot":{"x":2.7410778999328615,"y":1.6471195220947266,"z":2.4767379760742189},"rotation":{"x":0.0029193616937845947,"y":0.23099607229232789,"z":-0.0006922116735950112,"w":0.9729519486427307},"size":6.90739631652832,"orthographic":false}